
-- Temporarily disable the academic email trigger for demo data
DROP TRIGGER IF EXISTS enforce_academic_email ON public.profiles;

-- Temporarily drop FK constraints
ALTER TABLE public.profiles DROP CONSTRAINT IF EXISTS profiles_id_fkey;
ALTER TABLE public.user_roles DROP CONSTRAINT IF EXISTS user_roles_user_id_fkey;
ALTER TABLE public.devices DROP CONSTRAINT IF EXISTS devices_user_id_fkey;
ALTER TABLE public.sessions DROP CONSTRAINT IF EXISTS sessions_user_id_fkey;
ALTER TABLE public.sessions DROP CONSTRAINT IF EXISTS sessions_device_id_fkey;

-- Insert 50 demo profiles
INSERT INTO public.profiles (id, email, full_name, registration_number, is_blocked, created_at) VALUES
('00000000-0000-4000-a000-000000000001', 'amina.wanjiku@students.uonbi.ac.ke', 'Amina Wanjiku', 'CSC/00101/2023', false, now() - interval '30 days'),
('00000000-0000-4000-a000-000000000002', 'brian.ochieng@students.uonbi.ac.ke', 'Brian Ochieng', 'CSC/00102/2023', false, now() - interval '28 days'),
('00000000-0000-4000-a000-000000000003', 'charity.muthoni@students.uonbi.ac.ke', 'Charity Muthoni', 'EEE/00103/2023', false, now() - interval '27 days'),
('00000000-0000-4000-a000-000000000004', 'david.kiprop@students.ku.ac.ke', 'David Kiprop', 'ICT/00104/2022', false, now() - interval '25 days'),
('00000000-0000-4000-a000-000000000005', 'eunice.akinyi@students.ku.ac.ke', 'Eunice Akinyi', 'ICT/00105/2022', false, now() - interval '24 days'),
('00000000-0000-4000-a000-000000000006', 'felix.mutua@students.jkuat.ac.ke', 'Felix Mutua', 'BSE/00106/2023', false, now() - interval '23 days'),
('00000000-0000-4000-a000-000000000007', 'grace.chebet@students.jkuat.ac.ke', 'Grace Chebet', 'BSE/00107/2023', false, now() - interval '22 days'),
('00000000-0000-4000-a000-000000000008', 'hassan.omar@students.mmu.ac.ke', 'Hassan Omar', 'BIT/00108/2022', false, now() - interval '21 days'),
('00000000-0000-4000-a000-000000000009', 'irene.njeri@students.mmu.ac.ke', 'Irene Njeri', 'BIT/00109/2022', false, now() - interval '20 days'),
('00000000-0000-4000-a000-000000000010', 'james.kamau@students.uonbi.ac.ke', 'James Kamau', 'CSC/00110/2023', false, now() - interval '19 days'),
('00000000-0000-4000-a000-000000000011', 'karen.wambui@students.uonbi.ac.ke', 'Karen Wambui', 'CSC/00111/2023', false, now() - interval '18 days'),
('00000000-0000-4000-a000-000000000012', 'leonard.otieno@students.ku.ac.ke', 'Leonard Otieno', 'ICT/00112/2022', false, now() - interval '17 days'),
('00000000-0000-4000-a000-000000000013', 'mercy.nyambura@students.ku.ac.ke', 'Mercy Nyambura', 'ICT/00113/2022', false, now() - interval '16 days'),
('00000000-0000-4000-a000-000000000014', 'nelson.kibet@students.jkuat.ac.ke', 'Nelson Kibet', 'BSE/00114/2023', false, now() - interval '15 days'),
('00000000-0000-4000-a000-000000000015', 'olive.adhiambo@students.jkuat.ac.ke', 'Olive Adhiambo', 'BSE/00115/2023', false, now() - interval '14 days'),
('00000000-0000-4000-a000-000000000016', 'peter.mwangi@students.mmu.ac.ke', 'Peter Mwangi', 'BIT/00116/2022', true, now() - interval '13 days'),
('00000000-0000-4000-a000-000000000017', 'queen.moraa@students.uonbi.ac.ke', 'Queen Moraa', 'CSC/00117/2023', false, now() - interval '12 days'),
('00000000-0000-4000-a000-000000000018', 'robert.korir@students.uonbi.ac.ke', 'Robert Korir', 'EEE/00118/2023', false, now() - interval '11 days'),
('00000000-0000-4000-a000-000000000019', 'sarah.jepkemoi@students.ku.ac.ke', 'Sarah Jepkemoi', 'ICT/00119/2022', false, now() - interval '10 days'),
('00000000-0000-4000-a000-000000000020', 'thomas.ouma@students.ku.ac.ke', 'Thomas Ouma', 'ICT/00120/2022', false, now() - interval '9 days'),
('00000000-0000-4000-a000-000000000021', 'unity.wanjala@students.jkuat.ac.ke', 'Unity Wanjala', 'BSE/00121/2023', false, now() - interval '8 days'),
('00000000-0000-4000-a000-000000000022', 'victor.nyaga@students.jkuat.ac.ke', 'Victor Nyaga', 'BSE/00122/2023', false, now() - interval '7 days'),
('00000000-0000-4000-a000-000000000023', 'winnie.cherono@students.mmu.ac.ke', 'Winnie Cherono', 'BIT/00123/2022', false, now() - interval '6 days'),
('00000000-0000-4000-a000-000000000024', 'xavier.musyoka@students.mmu.ac.ke', 'Xavier Musyoka', 'BIT/00124/2022', true, now() - interval '5 days'),
('00000000-0000-4000-a000-000000000025', 'yusuf.abdi@students.uonbi.ac.ke', 'Yusuf Abdi', 'CSC/00125/2023', false, now() - interval '4 days'),
('00000000-0000-4000-a000-000000000026', 'zipporah.wangari@students.uonbi.ac.ke', 'Zipporah Wangari', 'CSC/00126/2023', false, now() - interval '3 days'),
('00000000-0000-4000-a000-000000000027', 'alex.njoroge@students.ku.ac.ke', 'Alex Njoroge', 'ICT/00127/2022', false, now() - interval '28 days'),
('00000000-0000-4000-a000-000000000028', 'betty.awuor@students.ku.ac.ke', 'Betty Awuor', 'ICT/00128/2022', false, now() - interval '26 days'),
('00000000-0000-4000-a000-000000000029', 'caleb.kiptoo@students.jkuat.ac.ke', 'Caleb Kiptoo', 'BSE/00129/2023', false, now() - interval '24 days'),
('00000000-0000-4000-a000-000000000030', 'diana.nyokabi@students.jkuat.ac.ke', 'Diana Nyokabi', 'BSE/00130/2023', false, now() - interval '22 days'),
('00000000-0000-4000-a000-000000000031', 'elijah.rotich@students.mmu.ac.ke', 'Elijah Rotich', 'BIT/00131/2022', false, now() - interval '20 days'),
('00000000-0000-4000-a000-000000000032', 'faith.njoki@students.mmu.ac.ke', 'Faith Njoki', 'BIT/00132/2022', false, now() - interval '18 days'),
('00000000-0000-4000-a000-000000000033', 'george.wafula@students.uonbi.ac.ke', 'George Wafula', 'EEE/00133/2023', false, now() - interval '16 days'),
('00000000-0000-4000-a000-000000000034', 'hilda.kemunto@students.uonbi.ac.ke', 'Hilda Kemunto', 'CSC/00134/2023', false, now() - interval '14 days'),
('00000000-0000-4000-a000-000000000035', 'isaac.langat@students.ku.ac.ke', 'Isaac Langat', 'ICT/00135/2022', false, now() - interval '12 days'),
('00000000-0000-4000-a000-000000000036', 'joyce.wangui@students.ku.ac.ke', 'Joyce Wangui', 'ICT/00136/2022', false, now() - interval '10 days'),
('00000000-0000-4000-a000-000000000037', 'kelvin.mutiso@students.jkuat.ac.ke', 'Kelvin Mutiso', 'BSE/00137/2023', false, now() - interval '8 days'),
('00000000-0000-4000-a000-000000000038', 'lucy.chepkoech@students.jkuat.ac.ke', 'Lucy Chepkoech', 'BSE/00138/2023', false, now() - interval '6 days'),
('00000000-0000-4000-a000-000000000039', 'martin.odhiambo@students.mmu.ac.ke', 'Martin Odhiambo', 'BIT/00139/2022', true, now() - interval '4 days'),
('00000000-0000-4000-a000-000000000040', 'nancy.wekesa@students.mmu.ac.ke', 'Nancy Wekesa', 'BIT/00140/2022', false, now() - interval '2 days'),
('00000000-0000-4000-a000-000000000041', 'oscar.barasa@students.uonbi.ac.ke', 'Oscar Barasa', 'CSC/00141/2023', false, now() - interval '1 day'),
('00000000-0000-4000-a000-000000000042', 'pauline.jeptoo@students.ku.ac.ke', 'Pauline Jeptoo', 'ICT/00142/2022', false, now() - interval '15 days'),
('00000000-0000-4000-a000-000000000043', 'quincy.muriithi@students.jkuat.ac.ke', 'Quincy Muriithi', 'BSE/00143/2023', false, now() - interval '13 days'),
('00000000-0000-4000-a000-000000000044', 'ruth.auma@students.mmu.ac.ke', 'Ruth Auma', 'BIT/00144/2022', false, now() - interval '11 days'),
('00000000-0000-4000-a000-000000000045', 'samuel.kirui@students.uonbi.ac.ke', 'Samuel Kirui', 'EEE/00145/2023', false, now() - interval '9 days'),
('00000000-0000-4000-a000-000000000046', 'tabitha.nekesa@students.ku.ac.ke', 'Tabitha Nekesa', 'ICT/00146/2022', false, now() - interval '7 days'),
('00000000-0000-4000-a000-000000000047', 'uriel.maina@students.jkuat.ac.ke', 'Uriel Maina', 'BSE/00147/2023', false, now() - interval '5 days'),
('00000000-0000-4000-a000-000000000048', 'vivian.cherop@students.mmu.ac.ke', 'Vivian Cherop', 'BIT/00148/2022', false, now() - interval '3 days'),
('00000000-0000-4000-a000-000000000049', 'william.omondi@students.uonbi.ac.ke', 'William Omondi', 'CSC/00149/2023', false, now() - interval '2 days'),
('00000000-0000-4000-a000-000000000050', 'yvonne.anyango@students.ku.ac.ke', 'Yvonne Anyango', 'ICT/00150/2022', false, now() - interval '1 day');

-- Insert user_roles for all 50 demo profiles
INSERT INTO public.user_roles (user_id, role) VALUES
('00000000-0000-4000-a000-000000000001', 'user'),
('00000000-0000-4000-a000-000000000002', 'user'),
('00000000-0000-4000-a000-000000000003', 'user'),
('00000000-0000-4000-a000-000000000004', 'user'),
('00000000-0000-4000-a000-000000000005', 'user'),
('00000000-0000-4000-a000-000000000006', 'user'),
('00000000-0000-4000-a000-000000000007', 'user'),
('00000000-0000-4000-a000-000000000008', 'user'),
('00000000-0000-4000-a000-000000000009', 'user'),
('00000000-0000-4000-a000-000000000010', 'user'),
('00000000-0000-4000-a000-000000000011', 'user'),
('00000000-0000-4000-a000-000000000012', 'user'),
('00000000-0000-4000-a000-000000000013', 'user'),
('00000000-0000-4000-a000-000000000014', 'user'),
('00000000-0000-4000-a000-000000000015', 'user'),
('00000000-0000-4000-a000-000000000016', 'user'),
('00000000-0000-4000-a000-000000000017', 'user'),
('00000000-0000-4000-a000-000000000018', 'user'),
('00000000-0000-4000-a000-000000000019', 'user'),
('00000000-0000-4000-a000-000000000020', 'user'),
('00000000-0000-4000-a000-000000000021', 'user'),
('00000000-0000-4000-a000-000000000022', 'user'),
('00000000-0000-4000-a000-000000000023', 'user'),
('00000000-0000-4000-a000-000000000024', 'user'),
('00000000-0000-4000-a000-000000000025', 'user'),
('00000000-0000-4000-a000-000000000026', 'user'),
('00000000-0000-4000-a000-000000000027', 'user'),
('00000000-0000-4000-a000-000000000028', 'user'),
('00000000-0000-4000-a000-000000000029', 'user'),
('00000000-0000-4000-a000-000000000030', 'user'),
('00000000-0000-4000-a000-000000000031', 'user'),
('00000000-0000-4000-a000-000000000032', 'user'),
('00000000-0000-4000-a000-000000000033', 'user'),
('00000000-0000-4000-a000-000000000034', 'user'),
('00000000-0000-4000-a000-000000000035', 'user'),
('00000000-0000-4000-a000-000000000036', 'user'),
('00000000-0000-4000-a000-000000000037', 'user'),
('00000000-0000-4000-a000-000000000038', 'user'),
('00000000-0000-4000-a000-000000000039', 'user'),
('00000000-0000-4000-a000-000000000040', 'user'),
('00000000-0000-4000-a000-000000000041', 'user'),
('00000000-0000-4000-a000-000000000042', 'user'),
('00000000-0000-4000-a000-000000000043', 'user'),
('00000000-0000-4000-a000-000000000044', 'user'),
('00000000-0000-4000-a000-000000000045', 'user'),
('00000000-0000-4000-a000-000000000046', 'user'),
('00000000-0000-4000-a000-000000000047', 'user'),
('00000000-0000-4000-a000-000000000048', 'user'),
('00000000-0000-4000-a000-000000000049', 'user'),
('00000000-0000-4000-a000-000000000050', 'user');

-- Insert 60 devices
INSERT INTO public.devices (id, user_id, device_name, ip_address, os, browser, is_blocked, last_login, created_at) VALUES
('00000000-0000-4000-b000-000000000001', '00000000-0000-4000-a000-000000000001', 'Amina-Laptop', '192.168.1.101', 'Windows 11', 'Chrome 122', false, now() - interval '1 day', now() - interval '30 days'),
('00000000-0000-4000-b000-000000000002', '00000000-0000-4000-a000-000000000001', 'Amina-Phone', '192.168.1.102', 'Android 14', 'Chrome Mobile', false, now() - interval '2 hours', now() - interval '20 days'),
('00000000-0000-4000-b000-000000000003', '00000000-0000-4000-a000-000000000002', 'Brian-MacBook', '192.168.1.103', 'macOS Sonoma', 'Safari 17', false, now() - interval '3 days', now() - interval '28 days'),
('00000000-0000-4000-b000-000000000004', '00000000-0000-4000-a000-000000000003', 'Charity-PC', '192.168.1.104', 'Windows 10', 'Firefox 123', false, now() - interval '5 days', now() - interval '27 days'),
('00000000-0000-4000-b000-000000000005', '00000000-0000-4000-a000-000000000004', 'David-Laptop', '192.168.1.105', 'Ubuntu 22.04', 'Chrome 122', false, now() - interval '2 days', now() - interval '25 days'),
('00000000-0000-4000-b000-000000000006', '00000000-0000-4000-a000-000000000005', 'Eunice-iPhone', '192.168.1.106', 'iOS 17', 'Safari Mobile', false, now() - interval '1 day', now() - interval '24 days'),
('00000000-0000-4000-b000-000000000007', '00000000-0000-4000-a000-000000000006', 'Felix-PC', '192.168.1.107', 'Windows 11', 'Edge 122', false, now() - interval '4 days', now() - interval '23 days'),
('00000000-0000-4000-b000-000000000008', '00000000-0000-4000-a000-000000000007', 'Grace-Tablet', '192.168.1.108', 'iPadOS 17', 'Safari', false, now() - interval '6 days', now() - interval '22 days'),
('00000000-0000-4000-b000-000000000009', '00000000-0000-4000-a000-000000000008', 'Hassan-Laptop', '192.168.1.109', 'Windows 10', 'Chrome 121', false, now() - interval '3 days', now() - interval '21 days'),
('00000000-0000-4000-b000-000000000010', '00000000-0000-4000-a000-000000000009', 'Irene-Phone', '192.168.1.110', 'Android 13', 'Firefox Mobile', false, now() - interval '1 day', now() - interval '20 days'),
('00000000-0000-4000-b000-000000000011', '00000000-0000-4000-a000-000000000010', 'James-Laptop', '192.168.1.111', 'macOS Ventura', 'Chrome 122', false, now() - interval '2 days', now() - interval '19 days'),
('00000000-0000-4000-b000-000000000012', '00000000-0000-4000-a000-000000000011', 'Karen-PC', '192.168.1.112', 'Windows 11', 'Firefox 123', false, now() - interval '5 hours', now() - interval '18 days'),
('00000000-0000-4000-b000-000000000013', '00000000-0000-4000-a000-000000000012', 'Leonard-Phone', '192.168.1.113', 'Android 14', 'Chrome Mobile', false, now() - interval '8 hours', now() - interval '17 days'),
('00000000-0000-4000-b000-000000000014', '00000000-0000-4000-a000-000000000013', 'Mercy-Laptop', '192.168.1.114', 'Windows 10', 'Edge 121', false, now() - interval '1 day', now() - interval '16 days'),
('00000000-0000-4000-b000-000000000015', '00000000-0000-4000-a000-000000000014', 'Nelson-MacBook', '192.168.1.115', 'macOS Sonoma', 'Safari 17', false, now() - interval '3 days', now() - interval '15 days'),
('00000000-0000-4000-b000-000000000016', '00000000-0000-4000-a000-000000000015', 'Olive-iPhone', '192.168.1.116', 'iOS 17', 'Safari Mobile', true, now() - interval '7 days', now() - interval '14 days'),
('00000000-0000-4000-b000-000000000017', '00000000-0000-4000-a000-000000000016', 'Peter-PC', '192.168.1.117', 'Ubuntu 22.04', 'Firefox 123', false, now() - interval '4 days', now() - interval '13 days'),
('00000000-0000-4000-b000-000000000018', '00000000-0000-4000-a000-000000000017', 'Queen-Laptop', '192.168.1.118', 'Windows 11', 'Chrome 122', false, now() - interval '2 days', now() - interval '12 days'),
('00000000-0000-4000-b000-000000000019', '00000000-0000-4000-a000-000000000018', 'Robert-Phone', '192.168.1.119', 'Android 13', 'Chrome Mobile', false, now() - interval '6 hours', now() - interval '11 days'),
('00000000-0000-4000-b000-000000000020', '00000000-0000-4000-a000-000000000019', 'Sarah-Tablet', '192.168.1.120', 'iPadOS 17', 'Safari', false, now() - interval '1 day', now() - interval '10 days'),
('00000000-0000-4000-b000-000000000021', '00000000-0000-4000-a000-000000000020', 'Thomas-Laptop', '192.168.1.121', 'Windows 10', 'Edge 122', false, now() - interval '3 days', now() - interval '9 days'),
('00000000-0000-4000-b000-000000000022', '00000000-0000-4000-a000-000000000021', 'Unity-PC', '192.168.1.122', 'macOS Ventura', 'Chrome 121', false, now() - interval '5 days', now() - interval '8 days'),
('00000000-0000-4000-b000-000000000023', '00000000-0000-4000-a000-000000000022', 'Victor-Phone', '192.168.1.123', 'Android 14', 'Firefox Mobile', true, now() - interval '2 days', now() - interval '7 days'),
('00000000-0000-4000-b000-000000000024', '00000000-0000-4000-a000-000000000023', 'Winnie-Laptop', '192.168.1.124', 'Windows 11', 'Chrome 122', false, now() - interval '1 day', now() - interval '6 days'),
('00000000-0000-4000-b000-000000000025', '00000000-0000-4000-a000-000000000024', 'Xavier-MacBook', '192.168.1.125', 'macOS Sonoma', 'Safari 17', false, now() - interval '4 days', now() - interval '5 days'),
('00000000-0000-4000-b000-000000000026', '00000000-0000-4000-a000-000000000025', 'Yusuf-PC', '192.168.1.126', 'Ubuntu 22.04', 'Chrome 122', false, now() - interval '12 hours', now() - interval '4 days'),
('00000000-0000-4000-b000-000000000027', '00000000-0000-4000-a000-000000000026', 'Zipporah-iPhone', '192.168.1.127', 'iOS 17', 'Safari Mobile', false, now() - interval '6 hours', now() - interval '3 days'),
('00000000-0000-4000-b000-000000000028', '00000000-0000-4000-a000-000000000027', 'Alex-Laptop', '192.168.1.128', 'Windows 10', 'Firefox 123', false, now() - interval '2 days', now() - interval '28 days'),
('00000000-0000-4000-b000-000000000029', '00000000-0000-4000-a000-000000000028', 'Betty-Phone', '192.168.1.129', 'Android 13', 'Chrome Mobile', false, now() - interval '1 day', now() - interval '26 days'),
('00000000-0000-4000-b000-000000000030', '00000000-0000-4000-a000-000000000029', 'Caleb-PC', '192.168.1.130', 'Windows 11', 'Edge 122', false, now() - interval '3 days', now() - interval '24 days'),
('00000000-0000-4000-b000-000000000031', '00000000-0000-4000-a000-000000000030', 'Diana-Laptop', '192.168.1.131', 'macOS Sonoma', 'Chrome 122', false, now() - interval '5 days', now() - interval '22 days'),
('00000000-0000-4000-b000-000000000032', '00000000-0000-4000-a000-000000000031', 'Elijah-Tablet', '192.168.1.132', 'iPadOS 17', 'Safari', false, now() - interval '2 days', now() - interval '20 days'),
('00000000-0000-4000-b000-000000000033', '00000000-0000-4000-a000-000000000032', 'Faith-PC', '192.168.1.133', 'Windows 10', 'Chrome 121', false, now() - interval '4 days', now() - interval '18 days'),
('00000000-0000-4000-b000-000000000034', '00000000-0000-4000-a000-000000000033', 'George-Phone', '192.168.1.134', 'Android 14', 'Firefox Mobile', false, now() - interval '1 day', now() - interval '16 days'),
('00000000-0000-4000-b000-000000000035', '00000000-0000-4000-a000-000000000034', 'Hilda-Laptop', '192.168.1.135', 'Windows 11', 'Chrome 122', false, now() - interval '6 hours', now() - interval '14 days'),
('00000000-0000-4000-b000-000000000036', '00000000-0000-4000-a000-000000000035', 'Isaac-MacBook', '192.168.1.136', 'macOS Ventura', 'Safari 17', false, now() - interval '3 days', now() - interval '12 days'),
('00000000-0000-4000-b000-000000000037', '00000000-0000-4000-a000-000000000036', 'Joyce-iPhone', '192.168.1.137', 'iOS 17', 'Safari Mobile', false, now() - interval '8 hours', now() - interval '10 days'),
('00000000-0000-4000-b000-000000000038', '00000000-0000-4000-a000-000000000037', 'Kelvin-PC', '192.168.1.138', 'Ubuntu 22.04', 'Firefox 123', false, now() - interval '2 days', now() - interval '8 days'),
('00000000-0000-4000-b000-000000000039', '00000000-0000-4000-a000-000000000038', 'Lucy-Laptop', '192.168.1.139', 'Windows 10', 'Edge 121', false, now() - interval '1 day', now() - interval '6 days'),
('00000000-0000-4000-b000-000000000040', '00000000-0000-4000-a000-000000000039', 'Martin-Phone', '192.168.1.140', 'Android 13', 'Chrome Mobile', true, now() - interval '4 days', now() - interval '4 days'),
('00000000-0000-4000-b000-000000000041', '00000000-0000-4000-a000-000000000040', 'Nancy-Laptop', '192.168.1.141', 'Windows 11', 'Chrome 122', false, now() - interval '12 hours', now() - interval '2 days'),
('00000000-0000-4000-b000-000000000042', '00000000-0000-4000-a000-000000000041', 'Oscar-PC', '192.168.1.142', 'macOS Sonoma', 'Firefox 123', false, now() - interval '3 hours', now() - interval '1 day'),
('00000000-0000-4000-b000-000000000043', '00000000-0000-4000-a000-000000000042', 'Pauline-Tablet', '192.168.1.143', 'iPadOS 17', 'Safari', false, now() - interval '2 days', now() - interval '15 days'),
('00000000-0000-4000-b000-000000000044', '00000000-0000-4000-a000-000000000043', 'Quincy-Laptop', '192.168.1.144', 'Windows 10', 'Chrome 121', false, now() - interval '5 days', now() - interval '13 days'),
('00000000-0000-4000-b000-000000000045', '00000000-0000-4000-a000-000000000044', 'Ruth-Phone', '192.168.1.145', 'Android 14', 'Chrome Mobile', false, now() - interval '1 day', now() - interval '11 days'),
('00000000-0000-4000-b000-000000000046', '00000000-0000-4000-a000-000000000045', 'Samuel-MacBook', '192.168.1.146', 'macOS Ventura', 'Safari 17', false, now() - interval '6 hours', now() - interval '9 days'),
('00000000-0000-4000-b000-000000000047', '00000000-0000-4000-a000-000000000046', 'Tabitha-PC', '192.168.1.147', 'Windows 11', 'Edge 122', false, now() - interval '3 days', now() - interval '7 days'),
('00000000-0000-4000-b000-000000000048', '00000000-0000-4000-a000-000000000047', 'Uriel-Laptop', '192.168.1.148', 'Ubuntu 22.04', 'Chrome 122', false, now() - interval '8 hours', now() - interval '5 days'),
('00000000-0000-4000-b000-000000000049', '00000000-0000-4000-a000-000000000048', 'Vivian-iPhone', '192.168.1.149', 'iOS 17', 'Safari Mobile', false, now() - interval '2 days', now() - interval '3 days'),
('00000000-0000-4000-b000-000000000050', '00000000-0000-4000-a000-000000000049', 'William-PC', '192.168.1.150', 'Windows 10', 'Firefox 123', false, now() - interval '1 day', now() - interval '2 days'),
('00000000-0000-4000-b000-000000000051', '00000000-0000-4000-a000-000000000050', 'Yvonne-Laptop', '192.168.1.151', 'macOS Sonoma', 'Chrome 122', false, now() - interval '4 hours', now() - interval '1 day'),
('00000000-0000-4000-b000-000000000052', '00000000-0000-4000-a000-000000000002', 'Brian-Phone', '192.168.1.152', 'Android 14', 'Chrome Mobile', false, now() - interval '6 hours', now() - interval '15 days'),
('00000000-0000-4000-b000-000000000053', '00000000-0000-4000-a000-000000000004', 'David-Phone', '192.168.1.153', 'Android 13', 'Firefox Mobile', false, now() - interval '1 day', now() - interval '12 days'),
('00000000-0000-4000-b000-000000000054', '00000000-0000-4000-a000-000000000006', 'Felix-Phone', '192.168.1.154', 'iOS 17', 'Safari Mobile', false, now() - interval '3 hours', now() - interval '10 days'),
('00000000-0000-4000-b000-000000000055', '00000000-0000-4000-a000-000000000010', 'James-Phone', '192.168.1.155', 'Android 14', 'Chrome Mobile', false, now() - interval '2 days', now() - interval '8 days'),
('00000000-0000-4000-b000-000000000056', '00000000-0000-4000-a000-000000000014', 'Nelson-Phone', '192.168.1.156', 'iOS 17', 'Safari Mobile', false, now() - interval '5 hours', now() - interval '6 days'),
('00000000-0000-4000-b000-000000000057', '00000000-0000-4000-a000-000000000018', 'Robert-Laptop', '192.168.1.157', 'Windows 11', 'Chrome 122', false, now() - interval '1 day', now() - interval '5 days'),
('00000000-0000-4000-b000-000000000058', '00000000-0000-4000-a000-000000000025', 'Yusuf-Phone', '192.168.1.158', 'Android 14', 'Chrome Mobile', false, now() - interval '8 hours', now() - interval '3 days'),
('00000000-0000-4000-b000-000000000059', '00000000-0000-4000-a000-000000000030', 'Diana-Phone', '192.168.1.159', 'Android 13', 'Firefox Mobile', false, now() - interval '4 hours', now() - interval '10 days'),
('00000000-0000-4000-b000-000000000060', '00000000-0000-4000-a000-000000000035', 'Isaac-Phone', '192.168.1.160', 'iOS 17', 'Safari Mobile', false, now() - interval '1 day', now() - interval '5 days');

-- Insert 120 sessions spread over 14 days
INSERT INTO public.sessions (user_id, device_id, login_time, logout_time, status) VALUES
('00000000-0000-4000-a000-000000000001', '00000000-0000-4000-b000-000000000001', now() - interval '13 days 8 hours', now() - interval '13 days 6 hours', 'expired'),
('00000000-0000-4000-a000-000000000002', '00000000-0000-4000-b000-000000000003', now() - interval '13 days 7 hours', now() - interval '13 days 5 hours', 'expired'),
('00000000-0000-4000-a000-000000000003', '00000000-0000-4000-b000-000000000004', now() - interval '13 days 6 hours', now() - interval '13 days 4 hours', 'expired'),
('00000000-0000-4000-a000-000000000004', '00000000-0000-4000-b000-000000000005', now() - interval '13 days 5 hours', now() - interval '13 days 3 hours', 'expired'),
('00000000-0000-4000-a000-000000000005', '00000000-0000-4000-b000-000000000006', now() - interval '13 days 4 hours', now() - interval '13 days 2 hours', 'expired'),
('00000000-0000-4000-a000-000000000006', '00000000-0000-4000-b000-000000000007', now() - interval '13 days 3 hours', now() - interval '13 days 1 hour', 'expired'),
('00000000-0000-4000-a000-000000000007', '00000000-0000-4000-b000-000000000008', now() - interval '13 days 2 hours', now() - interval '13 days', 'expired'),
('00000000-0000-4000-a000-000000000008', '00000000-0000-4000-b000-000000000009', now() - interval '13 days 1 hour', now() - interval '12 days 23 hours', 'expired'),
('00000000-0000-4000-a000-000000000009', '00000000-0000-4000-b000-000000000010', now() - interval '12 days 8 hours', now() - interval '12 days 6 hours', 'expired'),
('00000000-0000-4000-a000-000000000010', '00000000-0000-4000-b000-000000000011', now() - interval '12 days 7 hours', now() - interval '12 days 5 hours', 'expired'),
('00000000-0000-4000-a000-000000000011', '00000000-0000-4000-b000-000000000012', now() - interval '12 days 6 hours', now() - interval '12 days 4 hours', 'expired'),
('00000000-0000-4000-a000-000000000012', '00000000-0000-4000-b000-000000000013', now() - interval '12 days 5 hours', now() - interval '12 days 3 hours', 'expired'),
('00000000-0000-4000-a000-000000000013', '00000000-0000-4000-b000-000000000014', now() - interval '12 days 4 hours', now() - interval '12 days 2 hours', 'expired'),
('00000000-0000-4000-a000-000000000014', '00000000-0000-4000-b000-000000000015', now() - interval '12 days 3 hours', now() - interval '12 days 1 hour', 'expired'),
('00000000-0000-4000-a000-000000000015', '00000000-0000-4000-b000-000000000016', now() - interval '12 days 2 hours', now() - interval '12 days', 'expired'),
('00000000-0000-4000-a000-000000000017', '00000000-0000-4000-b000-000000000018', now() - interval '11 days 9 hours', now() - interval '11 days 7 hours', 'expired'),
('00000000-0000-4000-a000-000000000018', '00000000-0000-4000-b000-000000000019', now() - interval '11 days 8 hours', now() - interval '11 days 6 hours', 'expired'),
('00000000-0000-4000-a000-000000000019', '00000000-0000-4000-b000-000000000020', now() - interval '11 days 7 hours', now() - interval '11 days 5 hours', 'expired'),
('00000000-0000-4000-a000-000000000020', '00000000-0000-4000-b000-000000000021', now() - interval '11 days 6 hours', now() - interval '11 days 4 hours', 'expired'),
('00000000-0000-4000-a000-000000000021', '00000000-0000-4000-b000-000000000022', now() - interval '11 days 5 hours', now() - interval '11 days 3 hours', 'expired'),
('00000000-0000-4000-a000-000000000022', '00000000-0000-4000-b000-000000000023', now() - interval '11 days 4 hours', now() - interval '11 days 2 hours', 'expired'),
('00000000-0000-4000-a000-000000000023', '00000000-0000-4000-b000-000000000024', now() - interval '11 days 3 hours', now() - interval '11 days 1 hour', 'expired'),
('00000000-0000-4000-a000-000000000027', '00000000-0000-4000-b000-000000000028', now() - interval '11 days 2 hours', now() - interval '11 days', 'expired'),
('00000000-0000-4000-a000-000000000028', '00000000-0000-4000-b000-000000000029', now() - interval '11 days 1 hour', now() - interval '10 days 23 hours', 'expired'),
('00000000-0000-4000-a000-000000000029', '00000000-0000-4000-b000-000000000030', now() - interval '11 days', now() - interval '10 days 22 hours', 'expired'),
('00000000-0000-4000-a000-000000000030', '00000000-0000-4000-b000-000000000031', now() - interval '10 days 8 hours', now() - interval '10 days 6 hours', 'expired'),
('00000000-0000-4000-a000-000000000031', '00000000-0000-4000-b000-000000000032', now() - interval '10 days 7 hours', now() - interval '10 days 5 hours', 'expired'),
('00000000-0000-4000-a000-000000000032', '00000000-0000-4000-b000-000000000033', now() - interval '10 days 6 hours', now() - interval '10 days 4 hours', 'expired'),
('00000000-0000-4000-a000-000000000033', '00000000-0000-4000-b000-000000000034', now() - interval '10 days 5 hours', now() - interval '10 days 3 hours', 'expired'),
('00000000-0000-4000-a000-000000000034', '00000000-0000-4000-b000-000000000035', now() - interval '10 days 4 hours', now() - interval '10 days 2 hours', 'expired'),
('00000000-0000-4000-a000-000000000001', '00000000-0000-4000-b000-000000000002', now() - interval '10 days 3 hours', now() - interval '10 days 1 hour', 'expired'),
('00000000-0000-4000-a000-000000000002', '00000000-0000-4000-b000-000000000052', now() - interval '10 days 2 hours', now() - interval '10 days', 'expired'),
('00000000-0000-4000-a000-000000000004', '00000000-0000-4000-b000-000000000053', now() - interval '10 days 1 hour', now() - interval '9 days 23 hours', 'expired'),
('00000000-0000-4000-a000-000000000006', '00000000-0000-4000-b000-000000000054', now() - interval '10 days', now() - interval '9 days 22 hours', 'expired'),
('00000000-0000-4000-a000-000000000035', '00000000-0000-4000-b000-000000000036', now() - interval '9 days 8 hours', now() - interval '9 days 6 hours', 'expired'),
('00000000-0000-4000-a000-000000000036', '00000000-0000-4000-b000-000000000037', now() - interval '9 days 7 hours', now() - interval '9 days 5 hours', 'expired'),
('00000000-0000-4000-a000-000000000037', '00000000-0000-4000-b000-000000000038', now() - interval '9 days 6 hours', now() - interval '9 days 4 hours', 'expired'),
('00000000-0000-4000-a000-000000000038', '00000000-0000-4000-b000-000000000039', now() - interval '9 days 5 hours', now() - interval '9 days 3 hours', 'expired'),
('00000000-0000-4000-a000-000000000039', '00000000-0000-4000-b000-000000000040', now() - interval '9 days 4 hours', now() - interval '9 days 2 hours', 'expired'),
('00000000-0000-4000-a000-000000000040', '00000000-0000-4000-b000-000000000041', now() - interval '9 days 3 hours', now() - interval '9 days 1 hour', 'expired'),
('00000000-0000-4000-a000-000000000041', '00000000-0000-4000-b000-000000000042', now() - interval '8 days 9 hours', now() - interval '8 days 7 hours', 'expired'),
('00000000-0000-4000-a000-000000000042', '00000000-0000-4000-b000-000000000043', now() - interval '8 days 8 hours', now() - interval '8 days 6 hours', 'expired'),
('00000000-0000-4000-a000-000000000043', '00000000-0000-4000-b000-000000000044', now() - interval '8 days 7 hours', now() - interval '8 days 5 hours', 'expired'),
('00000000-0000-4000-a000-000000000044', '00000000-0000-4000-b000-000000000045', now() - interval '8 days 6 hours', now() - interval '8 days 4 hours', 'expired'),
('00000000-0000-4000-a000-000000000045', '00000000-0000-4000-b000-000000000046', now() - interval '8 days 5 hours', now() - interval '8 days 3 hours', 'expired'),
('00000000-0000-4000-a000-000000000046', '00000000-0000-4000-b000-000000000047', now() - interval '8 days 4 hours', now() - interval '8 days 2 hours', 'expired'),
('00000000-0000-4000-a000-000000000047', '00000000-0000-4000-b000-000000000048', now() - interval '8 days 3 hours', now() - interval '8 days 1 hour', 'expired'),
('00000000-0000-4000-a000-000000000048', '00000000-0000-4000-b000-000000000049', now() - interval '8 days 2 hours', now() - interval '8 days', 'expired'),
('00000000-0000-4000-a000-000000000010', '00000000-0000-4000-b000-000000000055', now() - interval '8 days 1 hour', now() - interval '7 days 23 hours', 'expired'),
('00000000-0000-4000-a000-000000000014', '00000000-0000-4000-b000-000000000056', now() - interval '8 days', now() - interval '7 days 22 hours', 'expired'),
('00000000-0000-4000-a000-000000000018', '00000000-0000-4000-b000-000000000057', now() - interval '7 days 23 hours', now() - interval '7 days 21 hours', 'expired'),
('00000000-0000-4000-a000-000000000001', '00000000-0000-4000-b000-000000000001', now() - interval '7 days 8 hours', now() - interval '7 days 6 hours', 'expired'),
('00000000-0000-4000-a000-000000000005', '00000000-0000-4000-b000-000000000006', now() - interval '7 days 7 hours', now() - interval '7 days 5 hours', 'expired'),
('00000000-0000-4000-a000-000000000009', '00000000-0000-4000-b000-000000000010', now() - interval '7 days 6 hours', now() - interval '7 days 4 hours', 'expired'),
('00000000-0000-4000-a000-000000000013', '00000000-0000-4000-b000-000000000014', now() - interval '7 days 5 hours', now() - interval '7 days 3 hours', 'expired'),
('00000000-0000-4000-a000-000000000017', '00000000-0000-4000-b000-000000000018', now() - interval '7 days 4 hours', now() - interval '7 days 2 hours', 'expired'),
('00000000-0000-4000-a000-000000000021', '00000000-0000-4000-b000-000000000022', now() - interval '7 days 3 hours', now() - interval '7 days 1 hour', 'expired'),
('00000000-0000-4000-a000-000000000025', '00000000-0000-4000-b000-000000000026', now() - interval '7 days 2 hours', now() - interval '7 days', 'expired'),
('00000000-0000-4000-a000-000000000029', '00000000-0000-4000-b000-000000000030', now() - interval '7 days 1 hour', now() - interval '6 days 23 hours', 'expired'),
('00000000-0000-4000-a000-000000000002', '00000000-0000-4000-b000-000000000003', now() - interval '6 days 9 hours', now() - interval '6 days 7 hours', 'expired'),
('00000000-0000-4000-a000-000000000006', '00000000-0000-4000-b000-000000000007', now() - interval '6 days 8 hours', now() - interval '6 days 6 hours', 'expired'),
('00000000-0000-4000-a000-000000000010', '00000000-0000-4000-b000-000000000011', now() - interval '6 days 7 hours', now() - interval '6 days 5 hours', 'expired'),
('00000000-0000-4000-a000-000000000014', '00000000-0000-4000-b000-000000000015', now() - interval '6 days 6 hours', now() - interval '6 days 4 hours', 'expired'),
('00000000-0000-4000-a000-000000000018', '00000000-0000-4000-b000-000000000019', now() - interval '6 days 5 hours', now() - interval '6 days 3 hours', 'expired'),
('00000000-0000-4000-a000-000000000022', '00000000-0000-4000-b000-000000000023', now() - interval '6 days 4 hours', now() - interval '6 days 2 hours', 'expired'),
('00000000-0000-4000-a000-000000000026', '00000000-0000-4000-b000-000000000027', now() - interval '6 days 3 hours', now() - interval '6 days 1 hour', 'expired'),
('00000000-0000-4000-a000-000000000030', '00000000-0000-4000-b000-000000000059', now() - interval '6 days 2 hours', now() - interval '6 days', 'expired'),
('00000000-0000-4000-a000-000000000034', '00000000-0000-4000-b000-000000000035', now() - interval '6 days 1 hour', now() - interval '5 days 23 hours', 'expired'),
('00000000-0000-4000-a000-000000000038', '00000000-0000-4000-b000-000000000039', now() - interval '6 days', now() - interval '5 days 22 hours', 'expired'),
('00000000-0000-4000-a000-000000000042', '00000000-0000-4000-b000-000000000043', now() - interval '5 days 23 hours', now() - interval '5 days 21 hours', 'expired'),
('00000000-0000-4000-a000-000000000046', '00000000-0000-4000-b000-000000000047', now() - interval '5 days 22 hours', now() - interval '5 days 20 hours', 'expired'),
('00000000-0000-4000-a000-000000000003', '00000000-0000-4000-b000-000000000004', now() - interval '5 days 8 hours', now() - interval '5 days 6 hours', 'expired'),
('00000000-0000-4000-a000-000000000007', '00000000-0000-4000-b000-000000000008', now() - interval '5 days 7 hours', now() - interval '5 days 5 hours', 'expired'),
('00000000-0000-4000-a000-000000000011', '00000000-0000-4000-b000-000000000012', now() - interval '5 days 6 hours', now() - interval '5 days 4 hours', 'expired'),
('00000000-0000-4000-a000-000000000015', '00000000-0000-4000-b000-000000000016', now() - interval '5 days 5 hours', now() - interval '5 days 3 hours', 'expired'),
('00000000-0000-4000-a000-000000000019', '00000000-0000-4000-b000-000000000020', now() - interval '5 days 4 hours', now() - interval '5 days 2 hours', 'expired'),
('00000000-0000-4000-a000-000000000023', '00000000-0000-4000-b000-000000000024', now() - interval '5 days 3 hours', now() - interval '5 days 1 hour', 'expired'),
('00000000-0000-4000-a000-000000000035', '00000000-0000-4000-b000-000000000060', now() - interval '5 days 2 hours', now() - interval '5 days', 'expired'),
('00000000-0000-4000-a000-000000000004', '00000000-0000-4000-b000-000000000005', now() - interval '4 days 8 hours', now() - interval '4 days 6 hours', 'expired'),
('00000000-0000-4000-a000-000000000008', '00000000-0000-4000-b000-000000000009', now() - interval '4 days 7 hours', now() - interval '4 days 5 hours', 'expired'),
('00000000-0000-4000-a000-000000000012', '00000000-0000-4000-b000-000000000013', now() - interval '4 days 6 hours', now() - interval '4 days 4 hours', 'expired'),
('00000000-0000-4000-a000-000000000020', '00000000-0000-4000-b000-000000000021', now() - interval '4 days 5 hours', now() - interval '4 days 3 hours', 'expired'),
('00000000-0000-4000-a000-000000000024', '00000000-0000-4000-b000-000000000025', now() - interval '4 days 4 hours', now() - interval '4 days 2 hours', 'expired'),
('00000000-0000-4000-a000-000000000028', '00000000-0000-4000-b000-000000000029', now() - interval '4 days 3 hours', now() - interval '4 days 1 hour', 'expired'),
('00000000-0000-4000-a000-000000000032', '00000000-0000-4000-b000-000000000033', now() - interval '4 days 2 hours', now() - interval '4 days', 'expired'),
('00000000-0000-4000-a000-000000000036', '00000000-0000-4000-b000-000000000037', now() - interval '4 days 1 hour', now() - interval '3 days 23 hours', 'expired'),
('00000000-0000-4000-a000-000000000040', '00000000-0000-4000-b000-000000000041', now() - interval '4 days', now() - interval '3 days 22 hours', 'expired'),
('00000000-0000-4000-a000-000000000044', '00000000-0000-4000-b000-000000000045', now() - interval '3 days 23 hours', now() - interval '3 days 21 hours', 'expired'),
('00000000-0000-4000-a000-000000000001', '00000000-0000-4000-b000-000000000002', now() - interval '3 days 9 hours', now() - interval '3 days 7 hours', 'expired'),
('00000000-0000-4000-a000-000000000005', '00000000-0000-4000-b000-000000000006', now() - interval '3 days 8 hours', now() - interval '3 days 6 hours', 'expired'),
('00000000-0000-4000-a000-000000000009', '00000000-0000-4000-b000-000000000010', now() - interval '3 days 7 hours', now() - interval '3 days 5 hours', 'expired'),
('00000000-0000-4000-a000-000000000013', '00000000-0000-4000-b000-000000000014', now() - interval '3 days 6 hours', now() - interval '3 days 4 hours', 'expired'),
('00000000-0000-4000-a000-000000000017', '00000000-0000-4000-b000-000000000018', now() - interval '3 days 5 hours', now() - interval '3 days 3 hours', 'expired'),
('00000000-0000-4000-a000-000000000021', '00000000-0000-4000-b000-000000000022', now() - interval '3 days 4 hours', now() - interval '3 days 2 hours', 'expired'),
('00000000-0000-4000-a000-000000000025', '00000000-0000-4000-b000-000000000058', now() - interval '3 days 3 hours', now() - interval '3 days 1 hour', 'expired'),
('00000000-0000-4000-a000-000000000029', '00000000-0000-4000-b000-000000000030', now() - interval '3 days 2 hours', now() - interval '3 days', 'expired'),
('00000000-0000-4000-a000-000000000033', '00000000-0000-4000-b000-000000000034', now() - interval '3 days 1 hour', now() - interval '2 days 23 hours', 'expired'),
('00000000-0000-4000-a000-000000000037', '00000000-0000-4000-b000-000000000038', now() - interval '3 days', now() - interval '2 days 22 hours', 'expired'),
('00000000-0000-4000-a000-000000000041', '00000000-0000-4000-b000-000000000042', now() - interval '2 days 23 hours', now() - interval '2 days 21 hours', 'expired'),
('00000000-0000-4000-a000-000000000045', '00000000-0000-4000-b000-000000000046', now() - interval '2 days 22 hours', now() - interval '2 days 20 hours', 'expired'),
('00000000-0000-4000-a000-000000000049', '00000000-0000-4000-b000-000000000050', now() - interval '2 days 21 hours', now() - interval '2 days 19 hours', 'expired'),
('00000000-0000-4000-a000-000000000002', '00000000-0000-4000-b000-000000000052', now() - interval '2 days 8 hours', now() - interval '2 days 6 hours', 'expired'),
('00000000-0000-4000-a000-000000000006', '00000000-0000-4000-b000-000000000054', now() - interval '2 days 7 hours', now() - interval '2 days 5 hours', 'expired'),
('00000000-0000-4000-a000-000000000010', '00000000-0000-4000-b000-000000000055', now() - interval '2 days 6 hours', now() - interval '2 days 4 hours', 'expired'),
('00000000-0000-4000-a000-000000000014', '00000000-0000-4000-b000-000000000056', now() - interval '2 days 5 hours', now() - interval '2 days 3 hours', 'expired'),
('00000000-0000-4000-a000-000000000018', '00000000-0000-4000-b000-000000000057', now() - interval '2 days 4 hours', now() - interval '2 days 2 hours', 'expired'),
('00000000-0000-4000-a000-000000000022', '00000000-0000-4000-b000-000000000023', now() - interval '2 days 3 hours', now() - interval '2 days 1 hour', 'expired'),
('00000000-0000-4000-a000-000000000026', '00000000-0000-4000-b000-000000000027', now() - interval '2 days 2 hours', now() - interval '2 days', 'expired'),
('00000000-0000-4000-a000-000000000030', '00000000-0000-4000-b000-000000000031', now() - interval '2 days 1 hour', now() - interval '1 day 23 hours', 'expired'),
('00000000-0000-4000-a000-000000000034', '00000000-0000-4000-b000-000000000035', now() - interval '2 days', now() - interval '1 day 22 hours', 'expired'),
('00000000-0000-4000-a000-000000000001', '00000000-0000-4000-b000-000000000001', now() - interval '1 day 10 hours', now() - interval '1 day 8 hours', 'expired'),
('00000000-0000-4000-a000-000000000003', '00000000-0000-4000-b000-000000000004', now() - interval '1 day 9 hours', now() - interval '1 day 7 hours', 'expired'),
('00000000-0000-4000-a000-000000000005', '00000000-0000-4000-b000-000000000006', now() - interval '1 day 8 hours', now() - interval '1 day 6 hours', 'expired'),
('00000000-0000-4000-a000-000000000007', '00000000-0000-4000-b000-000000000008', now() - interval '1 day 7 hours', now() - interval '1 day 5 hours', 'expired'),
('00000000-0000-4000-a000-000000000009', '00000000-0000-4000-b000-000000000010', now() - interval '1 day 6 hours', now() - interval '1 day 4 hours', 'expired'),
('00000000-0000-4000-a000-000000000011', '00000000-0000-4000-b000-000000000012', now() - interval '1 day 5 hours', now() - interval '1 day 3 hours', 'expired'),
('00000000-0000-4000-a000-000000000015', '00000000-0000-4000-b000-000000000016', now() - interval '1 day 4 hours', now() - interval '1 day 2 hours', 'expired'),
('00000000-0000-4000-a000-000000000019', '00000000-0000-4000-b000-000000000020', now() - interval '1 day 3 hours', now() - interval '1 day 1 hour', 'expired'),
('00000000-0000-4000-a000-000000000023', '00000000-0000-4000-b000-000000000024', now() - interval '1 day 2 hours', now() - interval '1 day', 'expired'),
('00000000-0000-4000-a000-000000000027', '00000000-0000-4000-b000-000000000028', now() - interval '1 day 1 hour', now() - interval '23 hours', 'expired'),
('00000000-0000-4000-a000-000000000031', '00000000-0000-4000-b000-000000000032', now() - interval '23 hours', now() - interval '21 hours', 'expired'),
('00000000-0000-4000-a000-000000000035', '00000000-0000-4000-b000-000000000060', now() - interval '22 hours', now() - interval '20 hours', 'expired'),
('00000000-0000-4000-a000-000000000039', '00000000-0000-4000-b000-000000000040', now() - interval '21 hours', now() - interval '19 hours', 'expired'),
('00000000-0000-4000-a000-000000000043', '00000000-0000-4000-b000-000000000044', now() - interval '20 hours', now() - interval '18 hours', 'expired'),
('00000000-0000-4000-a000-000000000047', '00000000-0000-4000-b000-000000000048', now() - interval '19 hours', now() - interval '17 hours', 'expired'),
('00000000-0000-4000-a000-000000000002', '00000000-0000-4000-b000-000000000003', now() - interval '4 hours', NULL, 'active'),
('00000000-0000-4000-a000-000000000010', '00000000-0000-4000-b000-000000000011', now() - interval '3 hours', NULL, 'active'),
('00000000-0000-4000-a000-000000000018', '00000000-0000-4000-b000-000000000057', now() - interval '2 hours', NULL, 'active'),
('00000000-0000-4000-a000-000000000026', '00000000-0000-4000-b000-000000000027', now() - interval '1 hour', NULL, 'active'),
('00000000-0000-4000-a000-000000000042', '00000000-0000-4000-b000-000000000043', now() - interval '30 minutes', NULL, 'active');

-- Insert 8 event codes
INSERT INTO public.event_codes (code, event_name, expires_at, usage_limit, current_usage, created_by) VALUES
('HACK2026', 'Hackathon 2026', now() + interval '3 days', 200, 47, NULL),
('OPENDAY', 'University Open Day', now() + interval '7 days', 500, 123, NULL),
('WORKSHOP1', 'Cybersecurity Workshop', now() + interval '1 day', 50, 38, NULL),
('SEMINAR24', 'Tech Seminar Series', now() - interval '2 days', 100, 89, NULL),
('LABACCESS', 'Computer Lab Access', now() + interval '14 days', 300, 156, NULL),
('GUEST2026', 'Guest Lecture Series', now() + interval '5 days', 150, 62, NULL),
('CAREER26', 'Career Fair 2026', now() - interval '5 days', 400, 312, NULL),
('INNOVATE', 'Innovation Week', now() + interval '10 days', 250, 34, NULL);

-- Re-add FK constraints with NOT VALID to skip validation of existing rows
ALTER TABLE public.profiles ADD CONSTRAINT profiles_id_fkey FOREIGN KEY (id) REFERENCES auth.users(id) ON DELETE CASCADE NOT VALID;
ALTER TABLE public.user_roles ADD CONSTRAINT user_roles_user_id_fkey FOREIGN KEY (user_id) REFERENCES auth.users(id) ON DELETE CASCADE NOT VALID;

-- Re-add the academic email trigger
CREATE TRIGGER enforce_academic_email
  BEFORE INSERT ON public.profiles
  FOR EACH ROW
  EXECUTE FUNCTION public.validate_academic_email();
